{
  "target": "192.168.136.137",
  "time": "2026-06-22T15:03:23.832415",
  "elapsed": 4901.632024765015,
  "findings": 0,
  "exploits": 0,
  "success": 0,
  "results": []
}